ID,c_numerical
test_00000,26
test_00001,14
test_00002,30
test_00003,8
test_00004,31
test_00005,27
test_00006,16
test_00007,5
test_00008,30
test_00009,7
test_00010,2
test_00011,29
test_00012,3
test_00013,31
test_00014,26
test_00015,10
test_00016,18
test_00017,2
test_00018,9
test_00019,26
test_00020,11
test_00021,25
test_00022,16
test_00023,3
test_00024,16
test_00025,26
test_00026,2
test_00027,20
test_00028,2
test_00029,10
test_00030,0
test_00031,2
test_00032,26
test_00033,10
test_00034,29
test_00035,3
test_00036,18
test_00037,30
test_00038,30
test_00039,26
test_00040,9
test_00041,22
test_00042,9
test_00043,16
test_00044,28
test_00045,18
test_00046,9
test_00047,2
test_00048,2
test_00049,26
test_00050,19
test_00051,12
test_00052,21
test_00053,7
test_00054,4
test_00055,9
test_00056,21
test_00057,0
test_00058,14
test_00059,0
test_00060,27
test_00061,26
test_00062,2
test_00063,22
test_00064,16
test_00065,7
test_00066,26
test_00067,26
test_00068,3
test_00069,17
test_00070,7
test_00071,4
test_00072,2
test_00073,28
test_00074,1
test_00075,9
test_00076,2
test_00077,8
test_00078,2
test_00079,2
test_00080,2
test_00081,28
test_00082,10
test_00083,28
test_00084,2
test_00085,23
test_00086,9
test_00087,27
test_00088,6
test_00089,28
test_00090,26
test_00091,20
test_00092,15
test_00093,17
test_00094,12
test_00095,12
test_00096,30
test_00097,30
test_00098,2
test_00099,28
test_00100,30
test_00101,3
test_00102,30
test_00103,16
test_00104,18
test_00105,3
test_00106,26
test_00107,20
test_00108,29
test_00109,4
test_00110,26
test_00111,15
test_00112,3
test_00113,2
test_00114,8
test_00115,1
test_00116,1
test_00117,18
test_00118,10
test_00119,1
test_00120,29
test_00121,28
test_00122,26
test_00123,19
test_00124,16
test_00125,7
test_00126,1
test_00127,26
test_00128,10
test_00129,17
test_00130,9
test_00131,1
test_00132,30
test_00133,7
test_00134,18
test_00135,2
test_00136,8
test_00137,13
test_00138,1
test_00139,6
test_00140,8
test_00141,13
test_00142,9
test_00143,16
test_00144,7
test_00145,13
test_00146,3
test_00147,8
test_00148,30
test_00149,9
test_00150,23
test_00151,30
test_00152,1
test_00153,16
test_00154,19
test_00155,27
test_00156,7
test_00157,30
test_00158,27
test_00159,0
test_00160,18
test_00161,7
test_00162,30
test_00163,24
test_00164,30
test_00165,7
test_00166,1
test_00167,31
test_00168,30
test_00169,22
test_00170,2
test_00171,7
test_00172,2
test_00173,1
test_00174,30
test_00175,24
test_00176,4
test_00177,16
test_00178,7
test_00179,28
test_00180,27
test_00181,19
test_00182,30
test_00183,5
test_00184,1
test_00185,7
test_00186,18
test_00187,6
test_00188,7
test_00189,2
test_00190,12
test_00191,26
test_00192,28
test_00193,31
test_00194,3
test_00195,2
test_00196,2
test_00197,12
test_00198,2
test_00199,30
test_00200,3
test_00201,3
test_00202,7
test_00203,26
test_00204,0
test_00205,3
test_00206,28
test_00207,12
test_00208,26
test_00209,2
test_00210,15
test_00211,25
test_00212,10
test_00213,1
test_00214,5
test_00215,9
test_00216,9
test_00217,0
test_00218,9
test_00219,9
test_00220,28
test_00221,12
test_00222,14
test_00223,28
test_00224,28
test_00225,2
test_00226,0
test_00227,6
test_00228,3
test_00229,1
test_00230,9
test_00231,1
test_00232,5
test_00233,12
test_00234,28
test_00235,2
test_00236,30
test_00237,30
test_00238,10
test_00239,14
test_00240,31
test_00241,17
test_00242,9
test_00243,23
test_00244,7
test_00245,15
test_00246,5
test_00247,26
test_00248,24
test_00249,24
test_00250,3
test_00251,16
test_00252,25
test_00253,9
test_00254,26
test_00255,27
test_00256,17
test_00257,6
test_00258,8
test_00259,1
test_00260,2
test_00261,26
test_00262,0
test_00263,16
test_00264,7
test_00265,6
test_00266,15
test_00267,27
test_00268,26
test_00269,19
test_00270,13
test_00271,22
test_00272,7
test_00273,26
test_00274,8
test_00275,27
test_00276,28
test_00277,1
test_00278,9
test_00279,2
test_00280,16
test_00281,26
test_00282,2
test_00283,22
test_00284,12
test_00285,2
test_00286,12
test_00287,30
test_00288,4
test_00289,4
test_00290,11
test_00291,26
test_00292,2
test_00293,3
test_00294,20
test_00295,14
test_00296,14
test_00297,6
test_00298,30
test_00299,9
test_00300,32
test_00301,2
test_00302,24
test_00303,28
test_00304,33
test_00305,3
test_00306,10
test_00307,30
test_00308,5
test_00309,10
test_00310,5
test_00311,18
test_00312,2
test_00313,1
test_00314,25
test_00315,8
test_00316,22
test_00317,2
test_00318,16
test_00319,17
test_00320,30
test_00321,20
test_00322,10
test_00323,22
test_00324,3
test_00325,23
test_00326,2
test_00327,3
test_00328,7
test_00329,7
test_00330,18
test_00331,14
test_00332,26
test_00333,17
test_00334,3
test_00335,10
test_00336,18
test_00337,16
test_00338,24
test_00339,27
test_00340,26
test_00341,18
test_00342,27
test_00343,3
test_00344,30
test_00345,2
test_00346,0
test_00347,2
test_00348,22
test_00349,24
test_00350,1
test_00351,25
test_00352,1
test_00353,3
test_00354,1
test_00355,17
test_00356,2
test_00357,30
test_00358,22
test_00359,10
test_00360,22
test_00361,12
test_00362,16
test_00363,5
test_00364,21
test_00365,30
test_00366,17
test_00367,30
test_00368,1
test_00369,3
test_00370,18
test_00371,14
test_00372,7
test_00373,2
test_00374,25
test_00375,2
test_00376,28
test_00377,22
test_00378,4
test_00379,22
test_00380,16
test_00381,7
test_00382,3
test_00383,9
test_00384,3
test_00385,30
test_00386,3
test_00387,2
test_00388,2
test_00389,26
test_00390,21
test_00391,30
test_00392,15
test_00393,27
test_00394,30
test_00395,6
test_00396,1
test_00397,26
test_00398,30
test_00399,17
test_00400,3
test_00401,8
test_00402,8
test_00403,32
test_00404,26
test_00405,1
test_00406,23
test_00407,23
test_00408,7
test_00409,22
test_00410,9
test_00411,30
test_00412,30
test_00413,30
test_00414,12
test_00415,21
test_00416,2
test_00417,26
test_00418,29
test_00419,31
test_00420,1
test_00421,8
test_00422,12
test_00423,2
test_00424,6
test_00425,1
test_00426,4
test_00427,9
test_00428,28
test_00429,9
test_00430,31
test_00431,26
test_00432,10
test_00433,0
test_00434,30
test_00435,3
test_00436,8
test_00437,23
test_00438,7
test_00439,30
test_00440,10
test_00441,30
test_00442,2
test_00443,20
test_00444,5
test_00445,28
test_00446,10
test_00447,10
test_00448,23
test_00449,27
test_00450,23
test_00451,22
test_00452,7
test_00453,1
test_00454,7
test_00455,3
test_00456,6
test_00457,21
test_00458,22
test_00459,7
test_00460,2
test_00461,9
test_00462,12
test_00463,30
test_00464,25
test_00465,30
test_00466,24
test_00467,3
test_00468,12
test_00469,8
test_00470,3
test_00471,18
test_00472,24
test_00473,2
test_00474,8
test_00475,19
test_00476,13
test_00477,2
test_00478,8
test_00479,22
test_00480,9
test_00481,12
test_00482,7
test_00483,2
test_00484,30
test_00485,26
test_00486,30
test_00487,12
test_00488,9
test_00489,27
test_00490,5
test_00491,4
test_00492,3
test_00493,23
test_00494,3
test_00495,26
test_00496,1
test_00497,14
test_00498,15
test_00499,15
test_00500,30
test_00501,7
test_00502,2
test_00503,7
test_00504,8
test_00505,26
test_00506,3
test_00507,2
test_00508,5
test_00509,1
test_00510,22
test_00511,12
test_00512,26
test_00513,25
test_00514,12
test_00515,15
test_00516,25
test_00517,12
test_00518,3
test_00519,12
test_00520,28
test_00521,7
test_00522,5
test_00523,24
test_00524,2
test_00525,2
test_00526,9
test_00527,29
test_00528,15
test_00529,19
test_00530,27
test_00531,22
test_00532,17
test_00533,2
test_00534,3
test_00535,2
test_00536,14
test_00537,3
test_00538,7
test_00539,26
test_00540,21
test_00541,2
test_00542,1
test_00543,1
test_00544,16
test_00545,9
test_00546,13
test_00547,29
test_00548,2
test_00549,4
test_00550,18
test_00551,2
test_00552,23
test_00553,31
test_00554,12
test_00555,28
test_00556,4
test_00557,2
test_00558,22
test_00559,2
test_00560,2
test_00561,2
test_00562,13
test_00563,30
test_00564,26
test_00565,9
test_00566,2
test_00567,20
test_00568,2
test_00569,2
test_00570,19
test_00571,30
test_00572,3
test_00573,30
test_00574,2
test_00575,23
test_00576,4
test_00577,22
test_00578,30
test_00579,24
test_00580,22
test_00581,1
test_00582,10
test_00583,20
test_00584,15
test_00585,3
test_00586,9
test_00587,9
test_00588,2
test_00589,21
test_00590,23
test_00591,4
test_00592,2
test_00593,3
test_00594,3
test_00595,18
test_00596,26
test_00597,7
test_00598,3
test_00599,12
test_00600,7
test_00601,3
test_00602,7
test_00603,1
test_00604,10
test_00605,2
test_00606,8
test_00607,2
test_00608,2
test_00609,22
test_00610,26
test_00611,3
test_00612,5
test_00613,28
test_00614,28
test_00615,2
test_00616,31
test_00617,13
test_00618,30
test_00619,30
test_00620,13
test_00621,8
test_00622,2
test_00623,5
test_00624,7
test_00625,12
test_00626,20
test_00627,30
test_00628,26
test_00629,26
test_00630,19
test_00631,5
test_00632,30
test_00633,17
test_00634,18
test_00635,28
test_00636,2
test_00637,22
test_00638,2
test_00639,2
test_00640,23
test_00641,17
test_00642,27
test_00643,9
test_00644,12
test_00645,22
test_00646,27
test_00647,9
test_00648,2
test_00649,7
test_00650,22
test_00651,30
test_00652,0
test_00653,26
test_00654,0
test_00655,9
test_00656,28
test_00657,10
test_00658,14
test_00659,7
test_00660,26
test_00661,27
test_00662,9
test_00663,29
test_00664,2
test_00665,4
test_00666,7
test_00667,2
test_00668,25
test_00669,19
test_00670,2
test_00671,27
test_00672,2
test_00673,0
test_00674,23
test_00675,1
test_00676,12
test_00677,7
test_00678,1
test_00679,2
test_00680,30
test_00681,2
test_00682,14
test_00683,26
test_00684,3
test_00685,9
test_00686,12
test_00687,20
test_00688,3
test_00689,7
test_00690,12
test_00691,30
test_00692,3
test_00693,26
test_00694,6
test_00695,3
test_00696,22
test_00697,27
test_00698,22
test_00699,18
test_00700,2
test_00701,12
test_00702,9
test_00703,28
test_00704,22
test_00705,4
test_00706,16
test_00707,0
test_00708,15
test_00709,24
test_00710,18
test_00711,2
test_00712,2
test_00713,12
test_00714,22
test_00715,22
test_00716,4
test_00717,20
test_00718,10
test_00719,14
test_00720,27
test_00721,10
test_00722,20
test_00723,10
test_00724,7
test_00725,30
test_00726,22
test_00727,4
test_00728,2
test_00729,2
test_00730,22
test_00731,14
test_00732,19
test_00733,1
test_00734,26
test_00735,1
test_00736,26
test_00737,4
test_00738,9
test_00739,3
test_00740,12
test_00741,7
test_00742,25
test_00743,16
test_00744,27
test_00745,16
test_00746,1
test_00747,3
test_00748,23
test_00749,13
test_00750,18
test_00751,28
test_00752,2
test_00753,26
test_00754,29
test_00755,25
test_00756,19
test_00757,0
test_00758,2
test_00759,2
test_00760,26
test_00761,7
test_00762,9
test_00763,0
test_00764,4
test_00765,30
test_00766,15
test_00767,0
test_00768,2
test_00769,14
test_00770,2
test_00771,0
test_00772,2
test_00773,11
test_00774,12
test_00775,18
test_00776,4
test_00777,27
test_00778,10
test_00779,2
test_00780,2
test_00781,6
test_00782,14
test_00783,18
test_00784,6
test_00785,0
test_00786,23
test_00787,28
test_00788,14
test_00789,1
test_00790,21
test_00791,9
test_00792,30
test_00793,7
test_00794,26
test_00795,9
test_00796,28
test_00797,15
test_00798,2
test_00799,0
test_00800,6
test_00801,16
test_00802,19
test_00803,12
test_00804,23
test_00805,6
test_00806,23
test_00807,2
test_00808,28
test_00809,25
test_00810,22
test_00811,1
test_00812,18
test_00813,9
test_00814,22
test_00815,8
test_00816,30
test_00817,8
test_00818,3
test_00819,15
test_00820,27
test_00821,23
test_00822,18
test_00823,10
test_00824,15
test_00825,16
test_00826,22
test_00827,2
test_00828,22
test_00829,30
test_00830,3
test_00831,26
test_00832,8
test_00833,1
test_00834,4
test_00835,9
test_00836,10
test_00837,19
test_00838,8
test_00839,22
test_00840,19
test_00841,30
test_00842,26
test_00843,23
test_00844,7
test_00845,2
test_00846,30
test_00847,28
test_00848,2
test_00849,2
test_00850,18
test_00851,2
test_00852,30
test_00853,2
test_00854,9
test_00855,15
test_00856,2
test_00857,21
test_00858,22
test_00859,32
test_00860,7
test_00861,15
test_00862,9
test_00863,3
test_00864,2
test_00865,7
test_00866,11
test_00867,9
test_00868,23
test_00869,6
test_00870,5
test_00871,30
test_00872,4
test_00873,9
test_00874,13
test_00875,7
test_00876,2
test_00877,27
test_00878,9
test_00879,30
test_00880,4
test_00881,22
test_00882,2
test_00883,2
test_00884,7
test_00885,2
test_00886,14
test_00887,30
test_00888,2
test_00889,22
test_00890,7
test_00891,3
test_00892,16
test_00893,27
test_00894,21
test_00895,10
test_00896,1
test_00897,16
test_00898,1
test_00899,30
test_00900,3
test_00901,30
test_00902,2
test_00903,20
test_00904,25
test_00905,9
test_00906,26
test_00907,12
test_00908,26
test_00909,2
test_00910,22
test_00911,8
test_00912,22
test_00913,30
test_00914,22
test_00915,20
test_00916,28
test_00917,16
test_00918,20
test_00919,15
test_00920,5
test_00921,28
test_00922,20
test_00923,1
test_00924,26
test_00925,2
test_00926,15
test_00927,30
test_00928,24
test_00929,12
test_00930,26
test_00931,22
test_00932,7
test_00933,9
test_00934,2
test_00935,7
test_00936,2
test_00937,10
test_00938,1
test_00939,2
test_00940,0
test_00941,7
test_00942,20
test_00943,13
test_00944,23
test_00945,9
test_00946,9
test_00947,27
test_00948,18
test_00949,28
test_00950,2
test_00951,26
test_00952,26
test_00953,6
test_00954,11
test_00955,26
test_00956,12
test_00957,9
test_00958,3
test_00959,2
test_00960,25
test_00961,10
test_00962,3
test_00963,7
test_00964,0
test_00965,27
test_00966,28
test_00967,13
test_00968,1
test_00969,27
test_00970,4
test_00971,9
test_00972,5
test_00973,26
test_00974,26
test_00975,26
test_00976,10
test_00977,3
test_00978,2
test_00979,10
test_00980,9
test_00981,3
test_00982,28
test_00983,9
test_00984,5
test_00985,3
test_00986,9
test_00987,7
test_00988,1
test_00989,30
test_00990,30
test_00991,20
test_00992,31
test_00993,25
test_00994,15
test_00995,27
test_00996,2
test_00997,31
test_00998,22
test_00999,30
test_01000,22
test_01001,26
test_01002,4
test_01003,1
test_01004,24
test_01005,2
test_01006,32
test_01007,1
test_01008,16
test_01009,21
test_01010,14
test_01011,19
test_01012,2
test_01013,7
test_01014,28
test_01015,32
test_01016,7
test_01017,24
test_01018,8
test_01019,7
test_01020,15
test_01021,3
test_01022,16
test_01023,0
test_01024,2
test_01025,4
test_01026,24
test_01027,0
test_01028,24
test_01029,2
test_01030,21
test_01031,25
test_01032,31
test_01033,28
test_01034,14
test_01035,8
test_01036,8
test_01037,10
test_01038,0
test_01039,14
test_01040,12
test_01041,8
test_01042,24
test_01043,23
test_01044,3
test_01045,13
test_01046,2
test_01047,18
test_01048,4
test_01049,0
test_01050,18
test_01051,30
test_01052,28
test_01053,2
test_01054,24
test_01055,20
test_01056,10
test_01057,22
test_01058,2
test_01059,10
test_01060,30
test_01061,22
test_01062,1
test_01063,1
test_01064,2
test_01065,14
test_01066,26
test_01067,0
test_01068,1
test_01069,23
test_01070,7
test_01071,0
test_01072,2
test_01073,30
test_01074,16
test_01075,2
test_01076,26
test_01077,5
test_01078,16
test_01079,13
test_01080,7
test_01081,26
test_01082,30
test_01083,8
test_01084,26
test_01085,2
test_01086,9
test_01087,30
test_01088,1
test_01089,2
test_01090,3
test_01091,27
test_01092,1
test_01093,28
test_01094,22
test_01095,6
test_01096,12
test_01097,4
test_01098,23
test_01099,23
test_01100,10
test_01101,3
test_01102,22
test_01103,18
test_01104,14
test_01105,26
test_01106,9
test_01107,2
test_01108,30
test_01109,22
test_01110,30
test_01111,16
test_01112,12
test_01113,3
test_01114,1
test_01115,8
test_01116,1
test_01117,3
test_01118,11
test_01119,10
test_01120,4
test_01121,9
test_01122,2
test_01123,23
test_01124,4
test_01125,19
test_01126,29
test_01127,2
test_01128,2
test_01129,24
test_01130,8
test_01131,12
test_01132,5
test_01133,0
test_01134,14
test_01135,2
test_01136,1
test_01137,22
test_01138,10
test_01139,1
test_01140,30
test_01141,12
test_01142,30
test_01143,26
test_01144,19
test_01145,10
test_01146,22
test_01147,3
test_01148,4
test_01149,19
test_01150,26
test_01151,29
test_01152,7
test_01153,7
test_01154,30
test_01155,7
test_01156,2
test_01157,22
test_01158,16
test_01159,28
test_01160,2
test_01161,19
test_01162,5
test_01163,10
test_01164,26
test_01165,24
test_01166,1
test_01167,2
test_01168,2
test_01169,28
test_01170,2
test_01171,3
test_01172,8
test_01173,3
test_01174,28
test_01175,15
test_01176,19
test_01177,3
test_01178,2
test_01179,20
test_01180,10
test_01181,26
test_01182,30
test_01183,22
test_01184,12
test_01185,16
test_01186,2
test_01187,22
test_01188,31
test_01189,31
test_01190,9
test_01191,18
test_01192,30
test_01193,24
test_01194,2
test_01195,9
test_01196,2
test_01197,24
test_01198,9
test_01199,3
test_01200,26
test_01201,3
test_01202,12
test_01203,5
test_01204,3
test_01205,33
test_01206,12
test_01207,15
test_01208,19
test_01209,7
test_01210,8
test_01211,2
test_01212,18
test_01213,2
test_01214,20
test_01215,12
test_01216,27
test_01217,9
test_01218,2
test_01219,6
test_01220,12
test_01221,10
test_01222,28
test_01223,2
test_01224,0
test_01225,8
test_01226,26
test_01227,28
test_01228,30
test_01229,3
test_01230,12
test_01231,3
test_01232,25
test_01233,2
test_01234,31
test_01235,26
test_01236,26
test_01237,2
test_01238,4
test_01239,2
test_01240,7
test_01241,8
test_01242,3
test_01243,2
test_01244,7
test_01245,9
test_01246,17
test_01247,8
test_01248,24
test_01249,3
test_01250,4
test_01251,29
test_01252,22
test_01253,0
test_01254,29
test_01255,9
test_01256,4
test_01257,19
test_01258,22
test_01259,9
test_01260,5
test_01261,7
test_01262,16
test_01263,9
test_01264,16
test_01265,8
test_01266,6
test_01267,27
test_01268,22
test_01269,1
test_01270,4
test_01271,27
test_01272,10
test_01273,30
test_01274,5
test_01275,16
test_01276,8
test_01277,14
test_01278,15
test_01279,2
test_01280,6
test_01281,26
test_01282,19
test_01283,26
test_01284,3
test_01285,6
test_01286,28
test_01287,30
test_01288,18
test_01289,24
test_01290,2
test_01291,22
test_01292,26
test_01293,27
test_01294,24
test_01295,31
test_01296,30
test_01297,25
test_01298,1
test_01299,7
test_01300,14
test_01301,26
test_01302,30
test_01303,1
test_01304,20
test_01305,17
test_01306,2
test_01307,30
test_01308,18
test_01309,29
test_01310,4
test_01311,8
test_01312,23
test_01313,25
test_01314,23
test_01315,28
test_01316,1
test_01317,12
test_01318,7
test_01319,18
test_01320,9
test_01321,23
test_01322,0
test_01323,28
test_01324,3
test_01325,2
test_01326,25
test_01327,26
test_01328,28
test_01329,25
test_01330,19
test_01331,2
test_01332,29
test_01333,16
test_01334,29
test_01335,0
test_01336,7
test_01337,14
test_01338,12
test_01339,28
test_01340,2
test_01341,9
test_01342,26
test_01343,30
test_01344,7
test_01345,3
test_01346,6
test_01347,7
test_01348,18
test_01349,9
test_01350,3
test_01351,0
test_01352,22
test_01353,22
test_01354,2
test_01355,16
test_01356,23
test_01357,2
test_01358,27
test_01359,2
test_01360,22
test_01361,22
test_01362,7
test_01363,22
test_01364,18
test_01365,18
test_01366,12
test_01367,19
test_01368,26
test_01369,6
test_01370,23
test_01371,2
test_01372,23
test_01373,22
test_01374,9
test_01375,1
test_01376,9
test_01377,28
test_01378,2
test_01379,1
test_01380,23
test_01381,21
test_01382,8
test_01383,25
test_01384,0
test_01385,14
test_01386,2
test_01387,22
test_01388,2
test_01389,2
test_01390,3
test_01391,2
test_01392,14
test_01393,3
test_01394,12
test_01395,27
test_01396,1
test_01397,22
test_01398,22
test_01399,2
test_01400,9
test_01401,3
test_01402,29
test_01403,9
test_01404,30
test_01405,7
test_01406,12
test_01407,1
test_01408,4
test_01409,2
test_01410,0
test_01411,7
test_01412,21
test_01413,18
test_01414,27
test_01415,12
test_01416,8
test_01417,23
test_01418,8
test_01419,9
test_01420,7
test_01421,31
test_01422,9
test_01423,15
test_01424,22
test_01425,12
test_01426,7
test_01427,24
test_01428,14
test_01429,3
test_01430,24
test_01431,10
test_01432,10
test_01433,17
test_01434,22
test_01435,12
test_01436,7
test_01437,18
test_01438,3
test_01439,3
test_01440,26
test_01441,22
test_01442,26
test_01443,30
test_01444,30
test_01445,3
test_01446,16
test_01447,9
test_01448,2
test_01449,3
test_01450,28
test_01451,20
test_01452,12
test_01453,24
test_01454,9
test_01455,27
test_01456,2
test_01457,22
test_01458,2
test_01459,12
test_01460,9
test_01461,6
test_01462,26
test_01463,15
test_01464,30
test_01465,23
test_01466,20
test_01467,1
test_01468,2
test_01469,3
test_01470,30
test_01471,3
test_01472,30
test_01473,7
test_01474,11
test_01475,30
test_01476,8
test_01477,2
test_01478,27
test_01479,1
test_01480,9
test_01481,21
test_01482,5
test_01483,26
test_01484,13
test_01485,9
test_01486,12
test_01487,30
test_01488,13
test_01489,2
test_01490,8
test_01491,6
test_01492,2
test_01493,3
test_01494,9
test_01495,27
test_01496,12
test_01497,25
test_01498,1
test_01499,22
test_01500,26
test_01501,5
test_01502,26
test_01503,8
test_01504,3
test_01505,29
test_01506,5
test_01507,17
test_01508,3
test_01509,16
test_01510,22
test_01511,8
test_01512,19
test_01513,2
test_01514,12
test_01515,0
test_01516,21
test_01517,0
test_01518,26
test_01519,12
test_01520,32
test_01521,8
test_01522,22
test_01523,2
test_01524,21
test_01525,1
test_01526,22
test_01527,5
test_01528,2
test_01529,0
test_01530,26
test_01531,16
test_01532,19
test_01533,1
test_01534,3
test_01535,28
test_01536,1
test_01537,30
test_01538,10
test_01539,2
test_01540,12
test_01541,10
test_01542,28
test_01543,17
test_01544,1
test_01545,2
test_01546,20
test_01547,5
test_01548,18
test_01549,13
test_01550,3
test_01551,2
test_01552,12
test_01553,19
test_01554,26
test_01555,0
test_01556,10
test_01557,26
test_01558,10
test_01559,30
test_01560,2
test_01561,30
test_01562,26
test_01563,21
test_01564,29
test_01565,6
test_01566,18
test_01567,12
test_01568,3
test_01569,11
test_01570,19
test_01571,2
test_01572,9
test_01573,9
test_01574,25
test_01575,29
test_01576,26
test_01577,28
test_01578,27
test_01579,23
test_01580,31
test_01581,14
test_01582,10
test_01583,1
test_01584,6
test_01585,30
test_01586,16
test_01587,9
test_01588,7
test_01589,26
test_01590,7
test_01591,9
test_01592,16
test_01593,10
test_01594,27
test_01595,23
test_01596,4
test_01597,28
test_01598,2
test_01599,1
test_01600,19
test_01601,3
test_01602,4
test_01603,25
test_01604,7
test_01605,2
test_01606,3
test_01607,2
test_01608,16
test_01609,8
test_01610,18
test_01611,7
test_01612,7
test_01613,7
test_01614,7
test_01615,18
test_01616,18
test_01617,22
test_01618,15
test_01619,4
test_01620,1
test_01621,11
test_01622,24
test_01623,21
test_01624,8
test_01625,0
test_01626,2
test_01627,7
test_01628,12
test_01629,22
test_01630,3
test_01631,2
test_01632,13
test_01633,12
test_01634,23
test_01635,30
test_01636,24
test_01637,9
test_01638,3
test_01639,14
test_01640,0
test_01641,31
test_01642,0
test_01643,31
test_01644,18
test_01645,1
test_01646,20
test_01647,8
test_01648,28
test_01649,19
test_01650,23
test_01651,25
test_01652,2
test_01653,19
test_01654,2
test_01655,3
test_01656,4
test_01657,5
test_01658,5
test_01659,28
test_01660,3
test_01661,18
test_01662,28
test_01663,2
test_01664,3
test_01665,22
test_01666,29
test_01667,4
test_01668,20
test_01669,26
test_01670,3
test_01671,7
test_01672,26
test_01673,19
test_01674,30
test_01675,4
test_01676,29
test_01677,8
test_01678,18
test_01679,31
test_01680,20
test_01681,24
test_01682,8
test_01683,18
test_01684,28
test_01685,10
test_01686,0
test_01687,7
test_01688,30
test_01689,2
test_01690,4
test_01691,13
test_01692,21
test_01693,8
test_01694,9
test_01695,26
test_01696,7
test_01697,17
test_01698,27
test_01699,27
test_01700,30
test_01701,3
test_01702,2
test_01703,2
test_01704,27
test_01705,13
test_01706,0
test_01707,9
test_01708,1
test_01709,5
test_01710,18
test_01711,8
test_01712,19
test_01713,4
test_01714,30
test_01715,9
test_01716,2
test_01717,3
test_01718,6
test_01719,19
test_01720,15
test_01721,23
test_01722,30
test_01723,26
test_01724,17
test_01725,26
test_01726,3
test_01727,15
test_01728,25
test_01729,4
test_01730,22
test_01731,23
test_01732,29
test_01733,31
test_01734,5
test_01735,8
test_01736,30
test_01737,18
test_01738,31
test_01739,17
test_01740,9
test_01741,1
test_01742,30
test_01743,4
test_01744,2
test_01745,17
test_01746,17
test_01747,2
test_01748,7
test_01749,12
test_01750,4
test_01751,26
test_01752,30
test_01753,3
test_01754,15
test_01755,17
test_01756,3
test_01757,5
test_01758,3
test_01759,19
test_01760,8
test_01761,30
test_01762,3
test_01763,30
test_01764,8
test_01765,28
test_01766,1
test_01767,25
test_01768,1
test_01769,8
test_01770,23
test_01771,2
test_01772,22
test_01773,30
test_01774,5
test_01775,2
test_01776,7
test_01777,27
test_01778,2
test_01779,3
test_01780,1
test_01781,22
test_01782,2
test_01783,15
test_01784,10
test_01785,2
test_01786,30
test_01787,2
test_01788,22
test_01789,30
test_01790,1
test_01791,27
test_01792,3
test_01793,24
test_01794,26
test_01795,22
test_01796,30
test_01797,21
test_01798,23
test_01799,12
test_01800,9
test_01801,3
test_01802,28
test_01803,5
test_01804,9
test_01805,2
test_01806,30
test_01807,2
test_01808,10
test_01809,4
test_01810,2
test_01811,21
test_01812,0
test_01813,18
test_01814,5
test_01815,3
test_01816,29
test_01817,3
test_01818,22
test_01819,15
test_01820,25
test_01821,10
test_01822,1
test_01823,13
test_01824,14
test_01825,9
test_01826,22
test_01827,22
test_01828,2
test_01829,16
test_01830,10
test_01831,9
test_01832,23
test_01833,13
test_01834,26
test_01835,22
test_01836,3
test_01837,26
test_01838,7
test_01839,11
test_01840,11
test_01841,3
test_01842,3
test_01843,16
test_01844,6
test_01845,2
test_01846,28
test_01847,26
test_01848,28
test_01849,30
test_01850,2
test_01851,2
test_01852,4
test_01853,1
test_01854,28
test_01855,3
test_01856,1
test_01857,4
test_01858,9
test_01859,30
test_01860,3
test_01861,30
test_01862,24
test_01863,7
test_01864,22
test_01865,0
test_01866,1
test_01867,31
test_01868,16
test_01869,28
test_01870,2
test_01871,17
test_01872,26
test_01873,4
test_01874,31
test_01875,22
test_01876,0
test_01877,10
test_01878,0
test_01879,25
test_01880,22
test_01881,27
test_01882,7
test_01883,30
test_01884,2
test_01885,26
test_01886,16
test_01887,29
test_01888,30
test_01889,28
test_01890,24
test_01891,26
test_01892,8
test_01893,4
test_01894,9
test_01895,2
test_01896,2
test_01897,30
test_01898,8
test_01899,12
test_01900,18
test_01901,21
test_01902,16
test_01903,20
test_01904,26
test_01905,26
test_01906,1
test_01907,9
test_01908,5
test_01909,16
test_01910,32
test_01911,8
test_01912,18
test_01913,28
test_01914,1
test_01915,28
test_01916,25
test_01917,3
test_01918,24
test_01919,3
test_01920,2
test_01921,24
test_01922,3
test_01923,21
test_01924,8
test_01925,7
test_01926,16
test_01927,18
test_01928,16
test_01929,25
test_01930,15
test_01931,2
test_01932,22
test_01933,30
test_01934,12
test_01935,28
test_01936,28
test_01937,6
test_01938,11
test_01939,16
test_01940,15
test_01941,14
test_01942,7
test_01943,12
test_01944,9
test_01945,26
test_01946,29
test_01947,8
test_01948,28
test_01949,8
test_01950,23
test_01951,26
test_01952,4
test_01953,1
test_01954,30
test_01955,27
test_01956,9
test_01957,30
test_01958,2
test_01959,0
test_01960,9
test_01961,22
test_01962,10
test_01963,18
test_01964,2
test_01965,4
test_01966,3
test_01967,20
test_01968,6
test_01969,6
test_01970,12
test_01971,23
test_01972,22
test_01973,7
test_01974,9
test_01975,7
test_01976,13
test_01977,9
test_01978,6
test_01979,26
test_01980,30
test_01981,5
test_01982,16
test_01983,2
test_01984,10
test_01985,30
test_01986,9
test_01987,22
test_01988,23
test_01989,28
test_01990,21
test_01991,24
test_01992,26
test_01993,12
test_01994,2
test_01995,3
test_01996,25
test_01997,30
test_01998,22
test_01999,0
test_02000,1
test_02001,23
test_02002,30
test_02003,12
test_02004,28
test_02005,2
test_02006,16
test_02007,1
test_02008,14
test_02009,15
test_02010,30
test_02011,4
test_02012,23
test_02013,17
test_02014,2
test_02015,29
test_02016,21
test_02017,11
test_02018,7
test_02019,22
test_02020,23
test_02021,27
test_02022,23
test_02023,9
test_02024,29
test_02025,19
test_02026,17
test_02027,24
test_02028,16
test_02029,30
test_02030,17
test_02031,0
test_02032,26
test_02033,26
test_02034,10
test_02035,1
test_02036,30
test_02037,30
test_02038,28
test_02039,28
test_02040,9
test_02041,6
test_02042,4
test_02043,18
test_02044,2
test_02045,9
test_02046,11
test_02047,18
test_02048,1
test_02049,25
test_02050,5
test_02051,7
test_02052,2
test_02053,2
test_02054,7
test_02055,31
test_02056,7
test_02057,3
test_02058,12
test_02059,27
test_02060,14
test_02061,21
test_02062,2
test_02063,12
test_02064,2
test_02065,4
test_02066,1
test_02067,19
test_02068,26
test_02069,11
test_02070,22
test_02071,22
test_02072,2
test_02073,22
test_02074,12
test_02075,10
test_02076,22
test_02077,15
test_02078,9
test_02079,28
test_02080,2
test_02081,3
test_02082,26
test_02083,15
test_02084,2
test_02085,9
test_02086,12
test_02087,0
test_02088,1
test_02089,2
test_02090,26
test_02091,9
test_02092,26
test_02093,18
test_02094,16
test_02095,15
test_02096,2
test_02097,3
test_02098,3
test_02099,26
test_02100,18
test_02101,2
test_02102,2
test_02103,2
test_02104,12
test_02105,27
test_02106,28
test_02107,9
test_02108,25
test_02109,19
test_02110,2
test_02111,1
test_02112,7
test_02113,26
test_02114,1
test_02115,9
test_02116,18
test_02117,25
test_02118,2
test_02119,15
test_02120,18
test_02121,30
test_02122,22
test_02123,7
test_02124,8
test_02125,22
test_02126,24
test_02127,2
test_02128,14
test_02129,15
test_02130,32
test_02131,6
test_02132,26
test_02133,1
test_02134,12
test_02135,1
test_02136,6
test_02137,1
test_02138,19
test_02139,2
test_02140,30
test_02141,7
test_02142,3
test_02143,22
test_02144,7
test_02145,4
test_02146,10
test_02147,8
test_02148,26
test_02149,3
test_02150,20
test_02151,6
test_02152,26
test_02153,26
test_02154,21
test_02155,21
test_02156,14
test_02157,13
test_02158,7
test_02159,3
test_02160,28
test_02161,9
test_02162,31
test_02163,12
test_02164,5
test_02165,9
test_02166,8
test_02167,5
test_02168,2
test_02169,31
test_02170,6
test_02171,5
test_02172,29
test_02173,30
test_02174,14
test_02175,9
test_02176,30
test_02177,2
test_02178,19
test_02179,0
test_02180,7
test_02181,31
test_02182,14
test_02183,3
test_02184,0
test_02185,16
test_02186,8
test_02187,8
test_02188,2
test_02189,30
test_02190,18
test_02191,27
test_02192,16
test_02193,1
test_02194,2
test_02195,1
test_02196,8
test_02197,2
test_02198,28
test_02199,8
test_02200,9
test_02201,21
test_02202,2
test_02203,29
test_02204,31
test_02205,2
test_02206,19
test_02207,5
test_02208,22
test_02209,2
test_02210,28
test_02211,12
test_02212,27
test_02213,2
test_02214,20
test_02215,27
test_02216,22
test_02217,9
test_02218,18
test_02219,3
test_02220,2
test_02221,8
test_02222,19
test_02223,26
test_02224,16
test_02225,26
test_02226,31
test_02227,2
test_02228,22
test_02229,22
test_02230,3
test_02231,5
test_02232,30
test_02233,30
test_02234,12
test_02235,3
test_02236,30
test_02237,16
test_02238,4
test_02239,3
test_02240,22
test_02241,5
test_02242,16
test_02243,4
test_02244,22
test_02245,2
test_02246,24
test_02247,31
test_02248,7
test_02249,20
test_02250,25
test_02251,3
test_02252,7
test_02253,4
test_02254,6
test_02255,13
test_02256,31
test_02257,3
test_02258,17
test_02259,2
test_02260,2
test_02261,12
test_02262,28
test_02263,22
test_02264,12
test_02265,2
test_02266,22
test_02267,3
test_02268,12
test_02269,30
test_02270,3
test_02271,18
test_02272,29
test_02273,6
test_02274,19
test_02275,4
test_02276,26
test_02277,21
test_02278,0
test_02279,12
test_02280,27
test_02281,10
test_02282,24
test_02283,2
test_02284,1
test_02285,28
test_02286,9
test_02287,27
test_02288,1
test_02289,5
test_02290,30
test_02291,24
test_02292,4
test_02293,16
test_02294,7
test_02295,20
test_02296,26
test_02297,12
test_02298,18
test_02299,1
test_02300,2
test_02301,16
test_02302,29
test_02303,30
test_02304,1
test_02305,28
test_02306,14
test_02307,14
test_02308,16
test_02309,22
test_02310,5
test_02311,30
test_02312,2
test_02313,22
test_02314,26
test_02315,1
test_02316,26
test_02317,24
test_02318,9
test_02319,9
test_02320,2
test_02321,1
test_02322,2
test_02323,22
test_02324,26
test_02325,2
test_02326,4
test_02327,15
test_02328,4
test_02329,7
test_02330,12
test_02331,0
test_02332,22
test_02333,13
test_02334,26
test_02335,17
test_02336,1
test_02337,24
test_02338,30
test_02339,16
test_02340,30
test_02341,9
test_02342,15
test_02343,22
test_02344,2
test_02345,1
test_02346,29
test_02347,21
test_02348,7
test_02349,22
test_02350,26
test_02351,28
test_02352,2
test_02353,19
test_02354,2
test_02355,8
test_02356,2
test_02357,9
test_02358,18
test_02359,1
test_02360,30
test_02361,20
test_02362,1
test_02363,14
test_02364,21
test_02365,17
test_02366,4
test_02367,22
test_02368,30
test_02369,13
test_02370,1
test_02371,1
test_02372,30
test_02373,26
test_02374,4
test_02375,2
test_02376,18
test_02377,22
test_02378,16
test_02379,30
test_02380,30
test_02381,3
test_02382,26
test_02383,6
test_02384,15
test_02385,19
test_02386,22
test_02387,10
test_02388,1
test_02389,30
test_02390,19
test_02391,2
test_02392,1
test_02393,30
test_02394,30
test_02395,14
test_02396,6
test_02397,15
test_02398,28
test_02399,3
test_02400,1
test_02401,1
test_02402,0
test_02403,24
test_02404,22
test_02405,8
test_02406,2
test_02407,23
test_02408,0
test_02409,1
test_02410,23
test_02411,8
test_02412,26
test_02413,21
test_02414,26
test_02415,8
test_02416,10
test_02417,18
test_02418,1
test_02419,9
test_02420,1
test_02421,7
test_02422,14
test_02423,18
test_02424,27
test_02425,16
test_02426,8
test_02427,22
test_02428,26
test_02429,24
test_02430,2
test_02431,7
test_02432,9
test_02433,26
test_02434,2
test_02435,7
test_02436,28
test_02437,9
test_02438,30
test_02439,20
test_02440,18
test_02441,14
test_02442,8
test_02443,18
test_02444,15
test_02445,11
test_02446,30
test_02447,26
test_02448,28
test_02449,4
test_02450,22
test_02451,30
test_02452,1
test_02453,1
test_02454,28
test_02455,16
test_02456,7
test_02457,31
test_02458,27
test_02459,22
test_02460,30
test_02461,2
test_02462,10
test_02463,12
test_02464,18
test_02465,3
test_02466,3
test_02467,19
test_02468,1
test_02469,26
test_02470,3
test_02471,19
test_02472,18
test_02473,1
test_02474,2
test_02475,5
test_02476,20
test_02477,5
test_02478,5
test_02479,7
test_02480,1
test_02481,22
test_02482,25
test_02483,19
test_02484,17
test_02485,27
test_02486,7
test_02487,30
test_02488,29
test_02489,28
test_02490,1
test_02491,28
test_02492,30
test_02493,24
test_02494,6
test_02495,2
test_02496,26
test_02497,22
test_02498,2
test_02499,2
test_02500,29
test_02501,6
test_02502,1
test_02503,5
test_02504,14
test_02505,24
test_02506,1
test_02507,19
test_02508,24
test_02509,2
test_02510,27
test_02511,3
test_02512,22
test_02513,26
test_02514,1
test_02515,9
test_02516,32
test_02517,21
test_02518,30
test_02519,14
test_02520,30
test_02521,24
test_02522,17
test_02523,10
test_02524,30
test_02525,8
test_02526,1
test_02527,3
test_02528,17
test_02529,13
test_02530,24
test_02531,12
test_02532,22
test_02533,8
test_02534,30
test_02535,8
test_02536,21
test_02537,28
test_02538,2
test_02539,16
test_02540,2
test_02541,18
test_02542,18
test_02543,2
test_02544,3
test_02545,3
test_02546,30
test_02547,1
test_02548,28
test_02549,32
test_02550,26
test_02551,28
test_02552,12
test_02553,6
test_02554,4
test_02555,11
test_02556,8
test_02557,9
test_02558,27
test_02559,1
test_02560,1
test_02561,2
test_02562,31
test_02563,14
test_02564,22
test_02565,29
test_02566,1
test_02567,29
test_02568,12
test_02569,20
test_02570,3
test_02571,7
test_02572,22
test_02573,1
test_02574,5
test_02575,2
test_02576,28
test_02577,0
test_02578,7
test_02579,24
test_02580,8
test_02581,7
test_02582,22
test_02583,19
test_02584,17
test_02585,25
test_02586,1
test_02587,7
test_02588,19
test_02589,30
test_02590,1
test_02591,0
test_02592,27
test_02593,2
test_02594,6
test_02595,28
test_02596,28
test_02597,28
test_02598,2
test_02599,28
test_02600,16
test_02601,15
test_02602,3
test_02603,3
test_02604,16
test_02605,2
test_02606,1
test_02607,7
test_02608,8
test_02609,3
test_02610,28
test_02611,9
test_02612,5
test_02613,13
test_02614,4
test_02615,12
test_02616,26
test_02617,29
test_02618,30
test_02619,25
test_02620,7
test_02621,8
test_02622,2
test_02623,1
test_02624,10
test_02625,25
test_02626,30
test_02627,27
test_02628,9
test_02629,9
test_02630,26
test_02631,1
test_02632,8
test_02633,1
test_02634,30
test_02635,24
test_02636,8
test_02637,19
test_02638,30
test_02639,12
test_02640,4
test_02641,10
test_02642,30
test_02643,27
test_02644,1
test_02645,6
test_02646,30
test_02647,2
test_02648,15
test_02649,14
test_02650,12
test_02651,8
test_02652,28
test_02653,19
test_02654,26
test_02655,12
test_02656,9
test_02657,24
test_02658,3
test_02659,1
test_02660,30
test_02661,9
test_02662,1
test_02663,30
test_02664,26
test_02665,3
test_02666,7
test_02667,15
test_02668,17
test_02669,30
test_02670,30
test_02671,2
test_02672,10
test_02673,7
test_02674,19
test_02675,29
test_02676,5
test_02677,3
test_02678,26
test_02679,27
test_02680,9
test_02681,2
test_02682,9
test_02683,2
test_02684,2
test_02685,2
test_02686,10
test_02687,26
test_02688,15
test_02689,28
test_02690,1
test_02691,9
test_02692,31
test_02693,2
test_02694,16
test_02695,13
test_02696,22
test_02697,27
test_02698,0
test_02699,30
test_02700,20
test_02701,14
test_02702,9
test_02703,16
test_02704,2
test_02705,2
test_02706,15
test_02707,30
test_02708,4
test_02709,28
test_02710,25
test_02711,3
test_02712,9
test_02713,20
test_02714,6
test_02715,2
test_02716,12
test_02717,5
test_02718,16
test_02719,8
test_02720,12
test_02721,0
test_02722,27
test_02723,7
test_02724,6
test_02725,12
test_02726,1
test_02727,3
test_02728,23
test_02729,1
test_02730,1
test_02731,26
test_02732,8
test_02733,7
test_02734,12
test_02735,14
test_02736,17
test_02737,22
test_02738,10
test_02739,3
test_02740,2
test_02741,5
test_02742,23
test_02743,30
test_02744,3
test_02745,3
test_02746,22
test_02747,8
test_02748,14
test_02749,26
test_02750,30
test_02751,2
test_02752,5
test_02753,6
test_02754,10
test_02755,2
test_02756,5
test_02757,8
test_02758,1
test_02759,27
test_02760,30
test_02761,2
test_02762,25
test_02763,22
test_02764,30
test_02765,24
test_02766,3
test_02767,28
test_02768,4
test_02769,7
test_02770,2
test_02771,2
test_02772,30
test_02773,31
test_02774,2
test_02775,12
test_02776,9
test_02777,2
test_02778,14
test_02779,10
test_02780,3
test_02781,27
test_02782,2
test_02783,10
test_02784,3
test_02785,25
test_02786,1
test_02787,18
test_02788,21
test_02789,10
test_02790,3
test_02791,8
test_02792,9
test_02793,23
test_02794,32
test_02795,22
test_02796,12
test_02797,2
test_02798,15
test_02799,30
test_02800,0
test_02801,26
test_02802,31
test_02803,28
test_02804,3
test_02805,16
test_02806,5
test_02807,3
test_02808,15
test_02809,7
test_02810,28
test_02811,30
test_02812,10
test_02813,9
test_02814,30
test_02815,20
test_02816,1
test_02817,2
test_02818,23
test_02819,3
test_02820,24
test_02821,15
test_02822,7
test_02823,24
test_02824,20
test_02825,10
test_02826,3
test_02827,7
test_02828,25
test_02829,20
test_02830,3
test_02831,14
test_02832,26
test_02833,3
test_02834,10
test_02835,18
test_02836,2
test_02837,9
test_02838,3
test_02839,10
test_02840,13
test_02841,19
test_02842,15
test_02843,8
test_02844,8
test_02845,2
test_02846,3
test_02847,5
test_02848,2
test_02849,29
test_02850,6
test_02851,7
test_02852,26
test_02853,3
test_02854,2
test_02855,9
test_02856,26
test_02857,0
test_02858,2
test_02859,16
test_02860,7
test_02861,1
test_02862,3
test_02863,8
test_02864,30
test_02865,16
test_02866,4
test_02867,4
test_02868,26
test_02869,15
test_02870,19
test_02871,7
test_02872,15
test_02873,12
test_02874,12
test_02875,19
test_02876,25
test_02877,12
test_02878,2
test_02879,22
test_02880,19
test_02881,9
test_02882,9
test_02883,9
test_02884,0
test_02885,1
test_02886,3
test_02887,17
test_02888,29
test_02889,1
test_02890,7
test_02891,18
test_02892,8
test_02893,14
test_02894,17
test_02895,23
test_02896,10
test_02897,15
test_02898,10
test_02899,13
test_02900,3
test_02901,20
test_02902,18
test_02903,28
test_02904,26
test_02905,2
test_02906,13
test_02907,6
test_02908,16
test_02909,9
test_02910,26
test_02911,30
test_02912,7
test_02913,13
test_02914,29
test_02915,1
test_02916,30
test_02917,4
test_02918,0
test_02919,3
test_02920,26
test_02921,3
test_02922,30
test_02923,2
test_02924,3
test_02925,1
test_02926,2
test_02927,18
test_02928,10
test_02929,10
test_02930,24
test_02931,17
test_02932,22
test_02933,0
test_02934,28
test_02935,3
test_02936,8
test_02937,26
test_02938,4
test_02939,7
test_02940,30
test_02941,2
test_02942,6
test_02943,2
test_02944,2
test_02945,3
test_02946,3
test_02947,15
test_02948,2
test_02949,23
test_02950,4
test_02951,23
test_02952,20
test_02953,19
test_02954,7
test_02955,5
test_02956,30
test_02957,1
test_02958,18
test_02959,28
test_02960,5
test_02961,8
test_02962,30
test_02963,1
test_02964,2
test_02965,22
test_02966,31
test_02967,3
test_02968,20
test_02969,2
test_02970,9
test_02971,30
test_02972,18
test_02973,2
test_02974,19
test_02975,30
test_02976,2
test_02977,20
test_02978,9
test_02979,28
test_02980,9
test_02981,6
test_02982,7
test_02983,1
test_02984,3
test_02985,1
test_02986,0
test_02987,18
test_02988,7
test_02989,9
test_02990,13
test_02991,28
test_02992,16
test_02993,7
test_02994,15
test_02995,30
test_02996,21
test_02997,24
test_02998,15
test_02999,15
test_03000,9
test_03001,30
test_03002,8
test_03003,26
test_03004,0
test_03005,29
test_03006,2
test_03007,4
test_03008,20
test_03009,8
test_03010,3
test_03011,30
test_03012,7
test_03013,29
test_03014,2
test_03015,16
test_03016,18
test_03017,24
test_03018,3
test_03019,8
test_03020,12
test_03021,4
test_03022,2
test_03023,28
test_03024,10
test_03025,18
test_03026,15
test_03027,24
test_03028,26
test_03029,27
test_03030,27
test_03031,30
test_03032,14
test_03033,8
test_03034,18
test_03035,27
test_03036,5
test_03037,31
test_03038,18
test_03039,14
test_03040,18
test_03041,4
test_03042,30
test_03043,8
test_03044,27
test_03045,6
test_03046,0
test_03047,28
test_03048,8
test_03049,24
test_03050,27
test_03051,27
test_03052,23
test_03053,21
test_03054,4
test_03055,22
test_03056,22
test_03057,18
test_03058,1
test_03059,22
test_03060,19
test_03061,1
test_03062,9
test_03063,14
test_03064,16
test_03065,12
test_03066,2
test_03067,21
test_03068,22
test_03069,15
test_03070,30
test_03071,2
test_03072,5
test_03073,0
test_03074,2
test_03075,27
test_03076,23
test_03077,16
test_03078,0
test_03079,2
test_03080,1
test_03081,9
test_03082,5
test_03083,26
test_03084,23
test_03085,30
test_03086,0
test_03087,9
test_03088,10
test_03089,29
test_03090,5
test_03091,12
test_03092,13
test_03093,2
test_03094,8
test_03095,22
test_03096,10
test_03097,28
test_03098,1
test_03099,15
test_03100,8
test_03101,26
test_03102,22
test_03103,12
test_03104,2
test_03105,15
test_03106,5
test_03107,19
test_03108,3
test_03109,17
test_03110,2
test_03111,30
test_03112,2
test_03113,22
test_03114,2
test_03115,27
test_03116,2
test_03117,15
test_03118,28
test_03119,11
test_03120,7
test_03121,22
test_03122,26
test_03123,12
test_03124,2
test_03125,26
test_03126,10
test_03127,13
test_03128,28
test_03129,0
test_03130,15
test_03131,17
test_03132,2
test_03133,5
test_03134,7
test_03135,24
test_03136,12
test_03137,5
test_03138,1
test_03139,30
test_03140,31
test_03141,22
test_03142,2
test_03143,26
test_03144,3
test_03145,28
test_03146,7
test_03147,2
test_03148,1
test_03149,3
test_03150,12
test_03151,30
test_03152,8
test_03153,27
test_03154,30
test_03155,26
test_03156,30
test_03157,18
test_03158,19
test_03159,3
test_03160,1
test_03161,2
test_03162,26
test_03163,7
test_03164,26
test_03165,31
test_03166,1
test_03167,23
test_03168,30
test_03169,23
test_03170,22
test_03171,25
test_03172,5
test_03173,27
test_03174,16
test_03175,16
test_03176,22
test_03177,28
test_03178,25
test_03179,3
test_03180,2
test_03181,3
test_03182,2
test_03183,0
test_03184,24
test_03185,2
test_03186,2
test_03187,30
test_03188,30
test_03189,18
test_03190,27
test_03191,1
test_03192,12
test_03193,7
test_03194,2
test_03195,29
test_03196,30
test_03197,1
test_03198,19
test_03199,12
test_03200,2
test_03201,28
test_03202,2
test_03203,28
test_03204,30
test_03205,2
test_03206,2
test_03207,13
test_03208,21
test_03209,30
test_03210,9
test_03211,24
test_03212,15
test_03213,1
test_03214,7
test_03215,2
test_03216,12
test_03217,2
test_03218,13
test_03219,25
test_03220,9
test_03221,19
test_03222,26
test_03223,9
test_03224,2
test_03225,16
test_03226,2
test_03227,12
test_03228,18
test_03229,13
test_03230,18
test_03231,23
test_03232,3
test_03233,20
test_03234,4
test_03235,30
test_03236,26
test_03237,6
test_03238,7
test_03239,1
test_03240,10
test_03241,17
test_03242,2
test_03243,17
test_03244,8
test_03245,28
test_03246,4
test_03247,9
test_03248,2
test_03249,17
test_03250,1
test_03251,25
test_03252,6
test_03253,9
test_03254,1
test_03255,5
test_03256,1
test_03257,9
test_03258,7
test_03259,5
test_03260,28
test_03261,0
test_03262,19
test_03263,22
test_03264,18
test_03265,30
test_03266,9
test_03267,23
test_03268,4
test_03269,30
test_03270,15
test_03271,22
test_03272,0
test_03273,33
test_03274,20
test_03275,7
test_03276,16
test_03277,9
test_03278,2
test_03279,9
test_03280,2
test_03281,8
test_03282,0
test_03283,7
test_03284,7
test_03285,2
test_03286,16
test_03287,12
test_03288,30
test_03289,26
test_03290,8
test_03291,18
test_03292,8
test_03293,28
test_03294,11
test_03295,22
test_03296,26
test_03297,7
test_03298,28
test_03299,29
test_03300,9
test_03301,26
test_03302,28
test_03303,25
test_03304,17
test_03305,27
test_03306,18
test_03307,22
test_03308,29
test_03309,10
test_03310,6
test_03311,8
test_03312,26
test_03313,14
test_03314,5
test_03315,19
test_03316,22
test_03317,22
test_03318,2
test_03319,7
test_03320,26
test_03321,1
test_03322,2
test_03323,2
test_03324,25
test_03325,18
test_03326,3
test_03327,2
test_03328,27
test_03329,2
test_03330,26
test_03331,30
test_03332,10
test_03333,2
test_03334,7
test_03335,9
test_03336,9
test_03337,25
test_03338,2
test_03339,2
test_03340,7
test_03341,11
test_03342,7
test_03343,22
test_03344,8
test_03345,10
test_03346,6
test_03347,6
test_03348,11
test_03349,2
test_03350,17
test_03351,26
test_03352,18
test_03353,28
test_03354,19
test_03355,1
test_03356,1
test_03357,11
test_03358,27
test_03359,3
test_03360,21
test_03361,22
test_03362,12
test_03363,1
test_03364,15
test_03365,2
test_03366,13
test_03367,30
test_03368,14
test_03369,1
test_03370,2
test_03371,1
test_03372,3
test_03373,26
test_03374,24
test_03375,9
test_03376,30
test_03377,25
test_03378,3
test_03379,19
test_03380,28
test_03381,17
test_03382,11
test_03383,0
test_03384,17
test_03385,20
test_03386,28
test_03387,8
test_03388,30
test_03389,15
test_03390,28
test_03391,27
test_03392,6
test_03393,24
test_03394,21
test_03395,13
test_03396,22
test_03397,28
test_03398,0
test_03399,12
test_03400,0
test_03401,3
test_03402,7
test_03403,13
test_03404,1
test_03405,16
test_03406,28
test_03407,6
test_03408,26
test_03409,31
test_03410,6
test_03411,7
test_03412,31
test_03413,13
test_03414,9
test_03415,12
test_03416,2
test_03417,2
test_03418,28
test_03419,2
test_03420,5
test_03421,7
test_03422,2
test_03423,3
test_03424,7
test_03425,23
test_03426,1
test_03427,7
test_03428,32
test_03429,5
test_03430,7
test_03431,27
test_03432,2
test_03433,28
test_03434,15
test_03435,9
test_03436,9
test_03437,10
test_03438,30
test_03439,22
test_03440,23
test_03441,31
test_03442,31
test_03443,4
test_03444,1
test_03445,17
test_03446,30
test_03447,9
test_03448,5
test_03449,15
test_03450,10
test_03451,13
test_03452,12
test_03453,8
test_03454,6
test_03455,30
test_03456,12
test_03457,2
test_03458,5
test_03459,27
test_03460,20
test_03461,26
test_03462,9
test_03463,14
test_03464,4
test_03465,30
test_03466,9
test_03467,28
test_03468,26
test_03469,9
test_03470,7
test_03471,27
test_03472,16
test_03473,2
test_03474,3
test_03475,12
test_03476,30
test_03477,27
test_03478,30
test_03479,14
test_03480,3
test_03481,7
test_03482,7
test_03483,1
test_03484,9
test_03485,2
test_03486,0
test_03487,1
test_03488,18
test_03489,29
test_03490,9
test_03491,18
test_03492,9
test_03493,25
test_03494,1
test_03495,28
test_03496,2
test_03497,1
test_03498,30
test_03499,22
test_03500,6
test_03501,16
test_03502,18
test_03503,28
test_03504,28
test_03505,8
test_03506,31
test_03507,8
test_03508,16
test_03509,9
test_03510,28
test_03511,16
test_03512,28
test_03513,9
test_03514,2
test_03515,2
test_03516,8
test_03517,19
test_03518,8
test_03519,9
test_03520,25
test_03521,5
test_03522,2
test_03523,7
test_03524,29
test_03525,15
test_03526,30
test_03527,7
test_03528,19
test_03529,31
test_03530,3
test_03531,30
test_03532,0
test_03533,3
test_03534,7
test_03535,0
test_03536,8
test_03537,26
test_03538,8
test_03539,26
test_03540,9
test_03541,3
test_03542,30
test_03543,2
test_03544,30
test_03545,30
test_03546,10
test_03547,12
test_03548,4
test_03549,22
test_03550,30
test_03551,19
test_03552,1
test_03553,22
test_03554,30
test_03555,30
test_03556,5
test_03557,3
test_03558,27
test_03559,16
test_03560,2
test_03561,7
test_03562,2
test_03563,12
test_03564,15
test_03565,6
test_03566,3
test_03567,19
test_03568,27
test_03569,10
test_03570,1
test_03571,12
test_03572,27
test_03573,5
test_03574,0
test_03575,9
test_03576,29
test_03577,29
test_03578,7
test_03579,4
test_03580,31
test_03581,22
test_03582,5
test_03583,1
test_03584,3
test_03585,19
test_03586,7
test_03587,2
test_03588,0
test_03589,0
test_03590,9
test_03591,8
test_03592,3
test_03593,17
test_03594,29
test_03595,2
test_03596,14
test_03597,2
test_03598,20
test_03599,7
test_03600,27
test_03601,9
test_03602,13
test_03603,22
test_03604,15
test_03605,30
test_03606,30
test_03607,19
test_03608,30
test_03609,26
test_03610,26
test_03611,18
test_03612,2
test_03613,19
test_03614,2
test_03615,2
test_03616,19
test_03617,3
test_03618,22
test_03619,2
test_03620,2
test_03621,7
test_03622,19
test_03623,8
test_03624,16
test_03625,26
test_03626,30
test_03627,29
test_03628,20
test_03629,26
test_03630,7
test_03631,2
test_03632,10
test_03633,1
test_03634,3
test_03635,27
test_03636,17
test_03637,9
test_03638,12
test_03639,2
test_03640,31
test_03641,25
test_03642,17
test_03643,31
test_03644,3
test_03645,2
test_03646,9
test_03647,10
test_03648,30
test_03649,1
test_03650,22
test_03651,0
test_03652,25
test_03653,19
test_03654,0
test_03655,10
test_03656,16
test_03657,0
test_03658,15
test_03659,6
test_03660,22
test_03661,2
test_03662,3
test_03663,31
test_03664,9
test_03665,12
test_03666,2
test_03667,28
test_03668,7
test_03669,28
test_03670,12
test_03671,14
test_03672,25
test_03673,17
test_03674,28
test_03675,30
test_03676,17
test_03677,0
test_03678,3
test_03679,19
test_03680,2
test_03681,31
test_03682,8
test_03683,27
test_03684,30
test_03685,3
test_03686,10
test_03687,17
test_03688,17
test_03689,3
test_03690,9
test_03691,5
test_03692,27
test_03693,23
test_03694,27
test_03695,3
test_03696,28
test_03697,9
test_03698,16
test_03699,26
test_03700,6
test_03701,25
test_03702,18
test_03703,7
test_03704,30
test_03705,1
test_03706,3
test_03707,8
test_03708,3
test_03709,11
test_03710,9
test_03711,1
test_03712,1
test_03713,2
test_03714,14
test_03715,9
test_03716,7
test_03717,6
test_03718,24
test_03719,15
test_03720,0
test_03721,25
test_03722,1
test_03723,21
test_03724,0
test_03725,3
test_03726,10
test_03727,14
test_03728,7
test_03729,8
test_03730,7
test_03731,18
test_03732,21
test_03733,2
test_03734,2
test_03735,1
test_03736,10
test_03737,10
test_03738,28
test_03739,19
test_03740,16
test_03741,15
test_03742,3
test_03743,12
test_03744,5
test_03745,0
test_03746,18
test_03747,14
test_03748,29
test_03749,2
test_03750,25
test_03751,1
test_03752,7
test_03753,30
test_03754,26
test_03755,9
test_03756,17
test_03757,13
test_03758,6
test_03759,4
test_03760,3
test_03761,28
test_03762,28
test_03763,4
test_03764,2
test_03765,9
test_03766,3
test_03767,5
test_03768,9
test_03769,12
test_03770,0
test_03771,17
test_03772,17
test_03773,21
test_03774,0
test_03775,24
test_03776,26
test_03777,26
test_03778,10
test_03779,1
test_03780,28
test_03781,9
test_03782,9
test_03783,21
test_03784,5
test_03785,19
test_03786,2
test_03787,12
test_03788,7
test_03789,2
test_03790,6
test_03791,24
test_03792,7
test_03793,26
test_03794,1
test_03795,22
test_03796,20
test_03797,7
test_03798,3
test_03799,19
test_03800,28
test_03801,30
test_03802,12
test_03803,28
test_03804,17
test_03805,25
test_03806,2
test_03807,26
test_03808,2
test_03809,19
test_03810,7
test_03811,1
test_03812,28
test_03813,21
test_03814,7
test_03815,10
test_03816,1
test_03817,2
test_03818,2
test_03819,28
test_03820,3
test_03821,14
test_03822,2
test_03823,30
test_03824,15
test_03825,8
test_03826,18
test_03827,27
test_03828,19
test_03829,26
test_03830,22
test_03831,4
test_03832,18
test_03833,15
test_03834,27
test_03835,8
test_03836,24
test_03837,28
test_03838,8
test_03839,1
test_03840,25
test_03841,2
test_03842,18
test_03843,16
test_03844,2
test_03845,12
test_03846,9
test_03847,9
test_03848,30
test_03849,3
test_03850,4
test_03851,7
test_03852,14
test_03853,15
test_03854,8
test_03855,9
test_03856,1
test_03857,23
test_03858,0
test_03859,18
test_03860,1
test_03861,7
test_03862,24
test_03863,18
test_03864,2
test_03865,30
test_03866,25
test_03867,2
test_03868,0
test_03869,4
test_03870,23
test_03871,2
test_03872,14
test_03873,16
test_03874,28
test_03875,3
test_03876,6
test_03877,14
test_03878,14
test_03879,28
test_03880,11
test_03881,28
test_03882,0
test_03883,0
test_03884,2
test_03885,31
test_03886,2
test_03887,0
test_03888,6
test_03889,26
test_03890,8
test_03891,13
test_03892,26
test_03893,1
test_03894,20
test_03895,9
test_03896,8
test_03897,7
test_03898,28
test_03899,15
test_03900,17
test_03901,1
test_03902,9
test_03903,23
test_03904,18
test_03905,30
test_03906,26
test_03907,12
test_03908,8
test_03909,1
test_03910,29
test_03911,30
test_03912,16
test_03913,28
test_03914,27
test_03915,2
test_03916,3
test_03917,3
test_03918,2
test_03919,1
test_03920,12
test_03921,7
test_03922,12
test_03923,18
test_03924,18
test_03925,1
test_03926,11
test_03927,16
test_03928,30
test_03929,1
test_03930,28
test_03931,2
test_03932,30
test_03933,1
test_03934,8
test_03935,12
test_03936,28
test_03937,26
test_03938,3
test_03939,0
test_03940,2
test_03941,13
test_03942,4
test_03943,9
test_03944,30
test_03945,14
test_03946,18
test_03947,25
test_03948,0
test_03949,30
test_03950,12
test_03951,26
test_03952,2
test_03953,14
test_03954,15
test_03955,22
test_03956,3
test_03957,6
test_03958,27
test_03959,5
test_03960,1
test_03961,5
test_03962,24
test_03963,0
test_03964,31
test_03965,6
test_03966,27
test_03967,12
test_03968,19
test_03969,27
test_03970,17
test_03971,2
test_03972,0
test_03973,26
test_03974,21
test_03975,8
test_03976,12
test_03977,2
test_03978,10
test_03979,30
test_03980,3
test_03981,3
test_03982,22
test_03983,5
test_03984,22
test_03985,3
test_03986,19
test_03987,18
test_03988,25
test_03989,23
test_03990,25
test_03991,2
test_03992,19
test_03993,30
test_03994,7
test_03995,18
test_03996,16
test_03997,19
test_03998,9
test_03999,12
